"","rowid","taxa_id","x","y","zero_ind","W.proportion"
"1",1,"Bacteroides_caecimuris",0.680622127753146,2945,"No",0.832391181458451
"2",2,"uncultured_bacterium",0.353143850466325,2010,"No",0.568117580553985
"3",3,"Parabacteroides_sp._YL27",-0.141429410784654,13,"No",0.0036743923120407
