"","rowid","taxa_id","x","y","zero_ind","W.proportion"
"1",1,"Bacteroides_caecimuris",0.771054354162253,2041,"No",0.57687959299039
"2",2,"uncultured_bacterium",0.359401204222977,823,"No",0.232617297908423
"3",3,"Parabacteroides_sp._YL27",-0.241887705324403,330,"No",0.0932730356133409
